{"count":1,"self":184.1957888,"total":185.74247509999998,"children":{"InitializeActuators":{"count":2,"self":0.0019944999999999997,"total":0.0019944999999999997,"children":null},"InitializeSensors":{"count":2,"self":0.0254607,"total":0.0254607,"children":null},"AgentSendState":{"count":9216,"self":1.1232218,"total":1.4006068999999999,"children":{"CollectObservations":{"count":1844,"self":0.0037246999999999996,"total":0.0037246999999999996,"children":null},"WriteActionMask":{"count":1844,"self":0.0028480999999999997,"total":0.0028480999999999997,"children":null},"RequestDecision":{"count":1844,"self":0.23155989999999999,"total":0.2708123,"children":{"RayPerceptionSensor.Perceive":{"count":3688,"self":0.0392524,"total":0.0392524,"children":null}}}}},"DecideAction":{"count":9216,"self":0.0617859,"total":0.0617859,"children":null},"AgentAct":{"count":9216,"self":0.0498194,"total":0.0498194,"children":null}},"gauges":{},"metadata":{"timer_format_version":"0.1.0","start_time_seconds":"1655809464","unity_version":"2022.1.3f1","command_line_arguments":"E:\\GitHub\\DIC_A3\\environment-windows\\environment.exe","communication_protocol_version":"1.5.0","com.unity.ml-agents_version":"2.0.1","scene_name":"SampleScene","end_time_seconds":"1655809649"}}